"number";"player";"team";"apps";"min";"goals";"a";"xG";"xA";"xG90";"xA90"
1;"Lautaro Martínez";"Inter";25;1928;14;4;14.57;5.35;0.68;0.25
2;"Nico Paz";"Como";25;2129;9;6;6.82;5.14;0.29;0.22
3;"Christian Pulisic";"AC Milan";18;895;8;2;6.71;2.76;0.68;0.28
4;"Rafael Leão";"AC Milan";18;1178;8;2;6.01;2.9;0.46;0.22
5;"Rasmus Højlund";"Napoli";21;1759;8;2;9.76;1.87;0.5;0.1
6;"Kenan Yildiz";"Juventus";24;1995;8;4;7.28;6.37;0.33;0.29
7;"Tasos Douvikas";"Como";25;1323;8;0;9.53;1.98;0.65;0.13
8;"Hakan Calhanoglu";"Inter";17;1327;7;2;4.26;3.13;0.29;0.21
9;"Keinan Davis";"Udinese";22;1526;7;3;7.37;2.84;0.43;0.17
10;"Moise Kean";"Fiorentina";22;1719;7;1;13.86;0.04;0.73;0
11;"Marcus Thuram";"Inter";19;1201;7;3;7.3;2.74;0.55;0.21
12;"Riccardo Orsolini";"Bologna";23;1426;7;1;6.41;1.33;0.4;0.08
13;"Nikola Krstovic";"Atalanta";21;972;7;4;9.38;2.19;0.87;0.2
14;"Gift Orban";"Verona";22;1601;7;1;10.81;1.21;0.61;0.07
15;"Santiago Castro";"Bologna";22;1424;7;2;5.11;2.43;0.32;0.15
16;"Mateo Pellegrino";"Parma Calcio 1913";25;2065;7;1;7.98;1.85;0.35;0.08
17;"Rolando Mandragora";"Fiorentina";25;1822;6;1;4.01;2.38;0.2;0.12
18;"Scott McTominay";"Napoli";23;1946;6;3;6.25;1.6;0.29;0.07
19;"Gianluca Scamacca";"Atalanta";16;927;6;1;6.87;1.05;0.67;0.1
20;"Nikola Vlasic";"Torino";24;1922;6;3;4.29;2.81;0.2;0.13
21;"Lorenzo Colombo";"Genoa";25;1549;6;1;6.7;0.55;0.39;0.03
22;"Matìas Soulè Malvano";"Roma";25;1730;6;4;3.75;3.13;0.19;0.16
23;"Jamie Vardy";"Cremonese";21;1678;5;1;5.14;1.59;0.28;0.09
24;"Giovanni Simeone";"Torino";19;1217;5;0;5.51;1.38;0.41;0.1
25;"Federico Dimarco";"Inter";23;1807;5;12;4.29;11.59;0.21;0.58
26;"Piotr Zielinski";"Inter";22;1188;5;1;1.73;2.55;0.13;0.19
27;"Domenico Berardi";"Sassuolo";15;1173;5;3;4.62;2.01;0.35;0.15
28;"Federico Bonazzoli";"Cremonese";22;1452;5;1;4.24;1.29;0.26;0.08
29;"Christopher Nkunku";"AC Milan";19;948;5;2;7.37;0.85;0.7;0.08
30;"Andrea Pinamonti";"Sassuolo";24;1931;5;3;8.07;1.74;0.38;0.08
31;"Nicolo Zaniolo";"Udinese";21;1379;5;2;4.45;2.17;0.29;0.14
32;"Ruslan Malinovskiy";"Genoa";23;1691;5;3;3.26;3.39;0.17;0.18
33;"Jonathan Christian David";"Juventus";24;1301;5;4;9.84;3.76;0.68;0.26
34;"Donyell Malen";"Roma";5;399;5;0;4.81;0.11;1.09;0.02
35;"Ange-Yoan Bonny";"Inter";20;559;5;3;3.58;1.62;0.58;0.26
36;"Stefano Moreo";"Pisa";24;1333;5;1;3.89;1.61;0.26;0.11
37;"Kevin De Bruyne";"Napoli";8;571;4;0;2.98;1.23;0.47;0.19
38;"Adrien Rabiot";"AC Milan";17;1466;4;4;1.91;2.71;0.12;0.17
39;"Weston McKennie";"Juventus";24;1780;4;4;6;3.54;0.3;0.18
40;"Franck Zambo";"Napoli";11;928;4;1;2.3;1.42;0.22;0.14
41;"Armand Lauriente";"Sassuolo";25;1630;4;3;2.66;4.73;0.15;0.26
42;"Jens Odgaard";"Bologna";19;1060;4;1;2.35;0.79;0.2;0.07
43;"Che Adams";"Torino";24;1455;4;1;4.86;2.59;0.3;0.16
44;"Leo Østigard";"Genoa";19;1641;4;1;2.68;0.73;0.15;0.04
45;"Albert Gudmundsson";"Fiorentina";22;1553;4;3;4.11;2.63;0.24;0.15
46;"Ismaël Koné";"Sassuolo";22;1798;4;0;2.77;1.51;0.14;0.08
47;"Semih Kiliçsoy";"Cagliari";16;718;4;0;1.64;0.31;0.21;0.04
48;"Martin Baturina";"Como";17;733;4;3;0.71;4.18;0.09;0.51
49;"Francesco Pio Esposito";"Inter";23;811;4;3;7.51;1.59;0.83;0.18
50;"Filip Kostic";"Juventus";14;443;3;1;0.67;0.68;0.14;0.14
51;"Pedro";"Lazio";19;592;3;1;2.01;0.99;0.31;0.15
52;"Ruben Loftus-Cheek";"AC Milan";22;1010;3;1;4.14;1.03;0.37;0.09
53;"Danilo Cataldi";"Lazio";22;1699;3;3;2.58;1.78;0.14;0.09
54;"Lorenzo Pellegrini";"Roma";17;997;3;0;3.74;1.94;0.34;0.17
55;"Leonardo Spinazzola";"Napoli";21;1355;3;2;1.03;1.64;0.07;0.11
56;"Mattia Zaccagni";"Lazio";19;1626;3;0;4.61;2.03;0.26;0.11
57;"Marc-Oliver Kempf";"Como";22;1387;3;0;2.66;1.03;0.17;0.07
58;"Oumar Solet";"Udinese";25;2143;3;1;2.59;1.42;0.11;0.06
59;"Bremer";"Juventus";15;1198;3;2;1.75;0.34;0.13;0.03
60;"Dusan Vlahovic";"Juventus";13;684;3;1;4.62;0.48;0.61;0.06
61;"Nicolò Cambiaghi";"Bologna";20;1123;3;4;2.73;2.86;0.22;0.23
62;"Lameck Banda";"Lecce";19;878;3;2;1.23;1.53;0.13;0.16
63;"Morten Thorsby";"Cremonese,Genoa";15;915;3;1;2.29;0.8;0.22;0.08
64;"Sebastiano Esposito";"Cagliari";24;1748;3;4;2.68;4.45;0.14;0.23
65;"Adrián Bernabé";"Parma Calcio 1913";25;2017;3;1;2.43;3.9;0.11;0.17
66;"M&#039;Bala Nzola";"Pisa,Sassuolo";18;1090;3;0;5.54;0.83;0.46;0.07
67;"Matteo Cancellieri";"Lazio";18;1142;3;1;2.97;1.28;0.23;0.1
68;"Jurgen Ekkelenkamp";"Udinese";21;1490;3;1;2.68;1.96;0.16;0.12
69;"Evan Ferguson";"Roma";16;777;3;2;3.48;1.69;0.4;0.2
70;"Cesare Casadei";"Torino";23;1560;3;0;3.44;1.53;0.2;0.09
71;"Charles De Ketelaere";"Atalanta";21;1552;3;3;3.67;8.18;0.21;0.47
72;"Vitinha";"Genoa";24;1553;3;1;4.19;1.69;0.24;0.1
73;"Artem Dovbyk";"Roma";13;363;3;1;2.88;1.29;0.71;0.32
74;"Gennaro Borrelli";"Cagliari";22;1021;3;1;3.02;0.71;0.27;0.06
75;"Gustav Isaksen";"Lazio";19;1074;3;1;2.89;0.67;0.24;0.06
76;"David Neres";"Napoli";16;932;3;3;1.48;3.79;0.14;0.37
77;"Wesley";"Roma";23;1884;3;0;2.29;4.11;0.11;0.2
78;"Giovane";"Napoli,Verona";25;1619;3;5;3.82;4.29;0.21;0.24
79;"Jayden Addai";"Como";12;688;3;0;1.51;1.02;0.2;0.13
80;"Suat Serdar";"Verona";20;1102;2;0;2.67;1.41;0.22;0.11
81;"Mario Pasalic";"Atalanta";20;1244;2;3;1.95;4.05;0.14;0.29
82;"Andrea Belotti";"Cagliari";3;196;2;0;2.31;0.04;1.06;0.02
83;"Paulo Dybala";"Roma";17;1062;2;2;5.45;3.56;0.46;0.3
84;"Luca Mazzitelli";"Cagliari";15;661;2;2;0.63;1.07;0.09;0.15
85;"Christian Kabasele";"Udinese";18;1288;2;0;1.11;0.06;0.08;0
86;"Luka Modric";"AC Milan";24;2017;2;3;0.96;3.04;0.04;0.14
87;"Lassana Coulibaly";"Lecce";21;1745;2;1;1.75;0.85;0.09;0.04
88;"Ademola Lookman";"Atalanta";12;803;2;0;3.85;2.28;0.43;0.26
89;"Matteo Guendouzi";"Lazio";16;1434;2;1;1.22;1.02;0.08;0.06
90;"Guillermo Maripán";"Torino";23;1988;2;0;2.43;0.34;0.11;0.02
91;"Robin Gosens";"Fiorentina";16;1147;2;0;2.09;0.51;0.16;0.04
92;"Yann Bisseck";"Inter";14;1192;2;1;2.35;0.38;0.18;0.03
93;"Marco Brescianini";"Atalanta,Fiorentina";15;465;2;0;2.24;0.22;0.43;0.04
94;"Roberto Piccoli";"Fiorentina";21;1031;2;0;5.12;0.45;0.45;0.04
95;"Kouadio Kone";"Roma";22;1950;2;1;1.74;2;0.08;0.09
96;"Gianluca Gaetano";"Cagliari";23;1084;2;3;1.29;1.62;0.11;0.13
97;"Lucas Da Cunha";"Como";23;1702;2;1;3.68;3.04;0.19;0.16
98;"Alexis Saelemaekers";"AC Milan";23;1893;2;3;2.35;3.12;0.11;0.15
99;"Filippo Terracciano";"Cremonese";24;2107;2;0;2.33;0.2;0.1;0.01
100;"Strahinja Pavlovic";"AC Milan";21;1772;2;1;2.15;0.61;0.11;0.03
101;"Matteo Tramoni";"Pisa";22;1237;2;2;2.69;2.74;0.2;0.2
102;"Tommaso Pobega";"Bologna";17;1074;2;1;1.71;0.55;0.14;0.05
103;"Nicola Zalewski";"Atalanta";21;1157;2;2;2.27;3.23;0.18;0.25
104;"Giorgio Scalvini";"Atalanta";12;884;2;0;2.56;0.3;0.26;0.03
105;"Kamaldeen Sulemana";"Atalanta";18;673;2;1;1.48;1.69;0.2;0.23
106;"Andrea Cambiaso";"Juventus";23;1811;2;3;1.88;3.88;0.09;0.19
107;"Caleb Ekuban";"Genoa";20;556;2;1;2.09;1.2;0.34;0.19
108;"Manor Solomon";"Fiorentina";8;387;2;0;0.44;1.21;0.1;0.28
109;"Federico Baschirotto";"Cremonese";25;2250;2;0;1.14;0.06;0.05;0
110;"Medon Berisha";"Lecce";13;893;2;3;1.31;2.89;0.13;0.29
111;"Valentín Castellanos";"Lazio";11;697;2;3;2.06;2.22;0.27;0.29
112;"Kristian Thorstvedt";"Sassuolo";20;1370;2;2;3.35;1.82;0.22;0.12
113;"Juan Cabal";"Juventus";12;262;2;0;1.08;0.64;0.37;0.22
114;"Máximo Perrone";"Como";23;1856;2;3;1.63;1.66;0.08;0.08
115;"Arthur Atta";"Udinese";20;1615;2;3;2.51;2.64;0.14;0.15
116;"Giovanni Fabbian";"Bologna,Fiorentina";17;816;2;0;2.02;1.44;0.22;0.16
117;"Davide Bartesaghi";"AC Milan";20;1565;2;0;1.09;2.58;0.06;0.15
118;"Tijjani Noslin";"Lazio";18;475;2;0;2.1;0.46;0.4;0.09
119;"Jacobo Ramón";"Como";22;1891;2;0;3.47;0.88;0.17;0.04
120;"Jeff Ekhator";"Genoa";19;477;2;0;2.37;0.12;0.45;0.02
121;"Mattia Felici";"Cagliari";11;396;2;1;1.34;0.76;0.3;0.17
122;"Henrik Meister";"Pisa";20;1225;2;0;4.94;0.31;0.36;0.02
123;"Alieu Fadera";"Sassuolo";23;895;2;1;2.36;0.88;0.24;0.09
124;"Francisco Conceição";"Juventus";18;1136;2;1;4.56;1.07;0.36;0.08
125;"Konan N’Dri";"Lecce";17;285;2;0;0.38;0.77;0.12;0.24
126;"Tarik Muharemovic";"Sassuolo";22;1937;2;2;1.83;0.85;0.08;0.04
127;"Riyad Idrissi";"Cagliari";20;676;2;0;0.75;0.23;0.1;0.03
128;"Rafik Belghali";"Verona";16;1129;2;0;1.94;1.12;0.15;0.09
129;"Nikola Stulic";"Lecce";23;1310;2;0;3.1;1.83;0.21;0.13
130;"Omri Gandelman";"Lecce";7;508;2;0;1.67;0.23;0.3;0.04
131;"Henrikh Mkhitaryan";"Inter";18;1010;1;0;3.26;1.18;0.29;0.1
132;"Alberto Moreno";"Como";9;642;1;0;0.91;0.58;0.13;0.08
133;"Nemanja Matic";"Sassuolo";23;2019;1;1;0.27;0.87;0.01;0.04
134;"Juan Cuadrado";"Pisa";10;305;1;0;0.85;0.73;0.25;0.21
135;"Manuel Locatelli";"Juventus";24;1951;1;1;0.93;2.35;0.04;0.11
136;"Duván Zapata";"Torino";19;667;1;1;3.27;1.12;0.44;0.15
137;"Bryan Cristante";"Roma";24;2039;1;0;1.58;1;0.07;0.04
138;"Davide Zappacosta";"Atalanta";22;1672;1;2;1.82;2.36;0.1;0.13
139;"Nicolò Barella";"Inter";23;1700;1;5;2.43;6.12;0.13;0.32
140;"Matías Vecino";"Lazio";13;592;1;1;0.31;0.51;0.05;0.08
141;"Federico Bernardeschi";"Bologna";17;600;1;1;1.4;2.7;0.21;0.4
142;"Roberto Gagliardini";"Verona";18;1250;1;0;0.71;0.27;0.05;0.02
143;"Manuel De Luca";"Cremonese";2;10;1;0;0.84;0;7.52;0
144;"Sebastiano Luperto";"Cagliari,Cremonese";21;1889;1;1;0.6;0.79;0.03;0.04
145;"Marten de Roon";"Atalanta";21;1712;1;1;0.69;0.64;0.04;0.03
146;"Franco Vázquez";"Cremonese";15;485;1;1;1.45;1.89;0.27;0.35
147;"Antonio Sanabria";"Cremonese";18;590;1;1;2.71;1.98;0.41;0.3
148;"Patrick Cutrone";"Parma Calcio 1913";15;908;1;0;3.27;0.66;0.32;0.07
149;"Alessandro Bastoni";"Inter";22;1869;1;4;1.65;2.97;0.08;0.14
150;"Aarón Martín";"Genoa";22;1706;1;4;0.38;5.23;0.02;0.28
151;"Stefan Posch";"Como";14;362;1;0;0.86;0.19;0.21;0.05
152;"Niclas Füllkrug";"AC Milan";9;253;1;0;2.57;1.33;0.91;0.47
153;"Stanislav Lobotka";"Napoli";21;1624;1;1;0.33;0.54;0.02;0.03
154;"Mario Hermoso";"Roma";17;1299;1;0;0.82;0.43;0.06;0.03
155;"Mehdi Leris";"Pisa";23;1067;1;3;1.84;2.19;0.15;0.18
156;"Antoine Bernede";"Verona";24;1835;1;2;0.77;1.36;0.04;0.07
157;"Manuel Akanji";"Inter";23;1986;1;0;1.5;0.18;0.07;0.01
158;"Yerry Mina";"Cagliari";16;1305;1;0;0.67;0.04;0.05;0
159;"Riccardo Sottil";"Lecce";19;1001;1;2;0.72;3.85;0.06;0.35
160;"Enrico Del Prato";"Parma Calcio 1913";24;2035;1;0;2;0.31;0.09;0.01
161;"Luca Ranieri";"Fiorentina";22;1433;1;0;1.77;1.03;0.11;0.06
162;"Ndary Adopo";"Cagliari";25;2003;1;1;1.68;1.29;0.08;0.06
163;"Mehmet Zeki Çelik";"Roma";22;1757;1;2;1.29;1.98;0.07;0.1
164;"Toma Basic";"Lazio";16;1196;1;2;1.11;1.61;0.08;0.12
165;"Youssouf Fofana";"AC Milan";21;1482;1;2;3.55;1.96;0.22;0.12
166;"Giovanni Di Lorenzo";"Napoli";23;2009;1;1;1.61;2.92;0.07;0.13
167;"Boulaye Dia";"Lazio";15;880;1;0;2.66;0.23;0.27;0.02
168;"Kephren Thuram";"Juventus";23;1724;1;2;2.18;1.42;0.11;0.07
169;"Juan Miranda";"Bologna";21;1634;1;0;0.32;2.77;0.02;0.15
170;"Maxence Caqueret";"Como";20;948;1;4;0.9;1.77;0.08;0.17
171;"Nicolo Fagioli";"Fiorentina";22;1645;1;3;1.11;4.43;0.06;0.24
172;"Giacomo Raspadori";"Atalanta";4;244;1;1;1.59;0.5;0.59;0.18
173;"Samuele Ricci";"AC Milan";21;965;1;3;1.88;2.21;0.18;0.21
174;"Amir Rrahmani";"Napoli";16;1367;1;1;0.67;0.11;0.04;0.01
175;"Billy Gilmour";"Napoli";10;426;1;0;0.32;0.44;0.07;0.09
176;"Lloyd Kelly";"Juventus";22;1900;1;0;0.44;0.13;0.02;0.01
177;"Pierre Kalulu Kyatengwa";"Juventus";25;2201;1;3;1.01;3.85;0.04;0.16
178;"Lazar Samardzic";"Atalanta";18;680;1;1;1.46;1.79;0.19;0.24
179;"Miguel Gutiérrez";"Napoli";15;753;1;0;0.47;0.37;0.06;0.04
180;"Nikola Moro";"Bologna";18;1080;1;0;0.57;0.61;0.05;0.05
181;"Mergim Vojvoda";"Como";22;1278;1;2;1.13;2.93;0.08;0.21
182;"Junior Messias";"Genoa";10;264;1;0;0.35;0.06;0.12;0.02
183;"Luis Henrique";"Inter";20;1171;1;2;0.8;1.92;0.06;0.15
184;"Odilon Kossounou";"Atalanta";14;835;1;0;0.26;0.2;0.03;0.02
185;"Denzel Dumfries";"Inter";11;730;1;0;1.54;1.22;0.19;0.15
186;"Alessandro Zanoli";"Udinese";19;1314;1;2;0.1;1.55;0.01;0.11
187;"Dennis Johnsen";"Cremonese";11;390;1;1;0.74;0.62;0.17;0.14
188;"Tommaso Baldanzi";"Genoa,Roma";11;398;1;0;1.35;0.59;0.31;0.13
189;"Koni de Winter";"AC Milan";17;1092;1;0;0.59;0.25;0.05;0.02
190;"Fabio Miretti";"Juventus";13;416;1;2;0.94;1.17;0.2;0.25
191;"Abdou Harroui";"Verona";14;346;1;0;1;0.43;0.26;0.11
192;"Cristian Volpato";"Sassuolo";14;633;1;4;0.72;2.31;0.1;0.33
193;"Iker Bravo";"Udinese";8;199;1;0;0.46;0.22;0.21;0.1
194;"Antonio Vergara";"Napoli";8;417;1;1;0.52;0.55;0.11;0.12
195;"Morten Frendrup";"Genoa";24;2025;1;0;0.27;1.07;0.01;0.05
196;"Michel Aebischer";"Pisa";24;1996;1;1;0.58;2;0.03;0.09
197;"Éderson";"Atalanta";21;1608;1;0;3.77;1.47;0.21;0.08
198;"Thijs Dallinga";"Bologna";18;681;1;2;3.74;0.61;0.49;0.08
199;"Loïs Openda";"Juventus";21;550;1;0;3.31;0.6;0.54;0.1
200;"Carlos Augusto";"Inter";22;983;1;1;1.61;0.78;0.15;0.07
201;"Emil Holm";"Bologna,Juventus";12;707;1;4;0.91;2.05;0.12;0.26
202;"Mikael Ellertsson";"Genoa";24;1743;1;1;1.63;2.33;0.08;0.12
203;"Sulemana";"Bologna,Cagliari";7;197;1;0;0.97;0;0.44;0
204;"Federico Gatti";"Juventus";12;808;1;0;0.74;0.18;0.08;0.02
205;"Jhon Lucumí";"Bologna";17;1278;1;0;1.21;0.12;0.09;0.01
206;"Lewis Ferguson";"Bologna";18;1106;1;0;0.56;1.39;0.05;0.11
207;"Isak Hien";"Atalanta";20;1508;1;0;0.98;0.06;0.06;0
208;"Adam Buksa";"Udinese";16;486;1;0;1.24;0.73;0.23;0.14
209;"Cyril Ngonge";"Torino";20;987;1;1;2.76;0.56;0.25;0.05
210;"Marco Palestra";"Cagliari";24;2067;1;4;1.08;3.45;0.05;0.15
211;"Saúl Coco";"Torino";22;1980;1;1;1.05;0.42;0.05;0.02
212;"Cher Ndour";"Fiorentina";20;920;1;0;1.07;0.16;0.1;0.02
213;"Michael Folorunsho";"Cagliari";16;1332;1;0;2.17;0.45;0.15;0.03
214;"Pietro Comuzzo";"Fiorentina";18;1378;1;0;0.8;0.04;0.05;0
215;"Lorenzo Lucca";"Napoli";16;381;1;0;1.91;0.66;0.45;0.16
216;"Ylber Ramadani";"Lecce";24;2091;1;0;0.79;0.74;0.03;0.03
217;"Matteo Prati";"Cagliari,Torino";22;1358;1;0;1.3;1.44;0.09;0.1
218;"Sam Beukema";"Napoli";14;963;1;0;1.14;0.17;0.11;0.02
219;"Walid Cheddira";"Lecce,Sassuolo";20;458;1;0;1.89;0.22;0.37;0.04
220;"Thomas Thiesson Kristensen";"Udinese";15;1347;1;0;0.82;0.22;0.05;0.01
221;"Martín Payero";"Cremonese";17;1166;1;0;1.21;0.45;0.09;0.03
222;"Francesco Camarda";"Lecce";17;631;1;0;2.21;0.57;0.31;0.08
223;"Alieu Njie";"Torino";8;81;1;1;0.66;0.1;0.73;0.11
224;"Alessandro Circati";"Parma Calcio 1913";20;1707;1;0;0.45;0.2;0.02;0.01
225;"Jesper Karlström";"Udinese";25;2225;1;0;0.61;0.78;0.02;0.03
226;"Martin Frese";"Verona";19;1488;1;0;1.21;1.58;0.07;0.1
227;"Vasilije Adzic";"Juventus";9;139;1;0;0.23;0.18;0.15;0.12
228;"Brooke Norton-Cuffy";"Genoa";23;1999;1;1;1.45;1.83;0.07;0.08
229;"Adrian Benedyczak";"Parma Calcio 1913";14;476;1;1;1.99;1.45;0.38;0.27
230;"Tiago Gabriel";"Lecce";25;2147;1;0;2.54;0;0.11;0
231;"Noa Lang";"Napoli";18;645;1;2;1.37;1.97;0.19;0.28
232;"Zachary Athekame";"AC Milan";16;388;1;1;0.09;1.1;0.02;0.25
233;"Francesco Folino";"Cremonese";11;299;1;0;0.35;0.02;0.1;0
234;"Nicolas Kühn";"Como";20;615;1;0;0.9;0.8;0.13;0.12
235;"Idrissa Touré";"Pisa";23;1925;1;0;2.3;2.97;0.11;0.14
236;"Christian Ordóñez";"Parma Calcio 1913";16;516;1;0;0.22;0.13;0.04;0.02
237;"Oliver Sørensen";"Parma Calcio 1913";24;1486;1;0;2.03;0.19;0.12;0.01
238;"Jakub Piotrowski";"Udinese";21;1072;1;1;2.13;0.62;0.18;0.05
239;"Petar Sucic";"Inter";23;1150;1;2;1.84;2.68;0.14;0.21
240;"Edoardo Iannoni";"Sassuolo";11;187;1;0;0.76;0;0.36;0
241;"Lorran";"Pisa";8;86;1;0;0.71;0.06;0.74;0.07
242;"Yael Trepy";"Cagliari";3;17;1;0;0.15;0.09;0.82;0.46
243;"Kenneth Taylor";"Lazio";6;522;1;0;0.93;0.2;0.16;0.03
244;"Rafiu Durosinmi";"Pisa";5;164;1;1;0.36;0.04;0.2;0.02
245;"Felipe Loyola";"Pisa";3;210;1;0;0.42;0.05;0.18;0.02
246;"Alisson Santos";"Napoli";1;18;1;0;0.11;0.12;0.57;0.58
247;"Yann Sommer";"Inter";23;2070;0;0;0;0;0;0
248;"Sead Kolasinac";"Atalanta";8;445;0;0;0.09;0;0.02;0
249;"Ulisses García";"Sassuolo";2;61;0;1;0;0.7;0;1.04
250;"David de Gea";"Fiorentina";25;2250;0;0;0;0;0;0
251;"Matteo Darmian";"Inter";3;66;0;0;0;0;0;0
252;"Romelu Lukaku";"Napoli";2;10;0;0;0.12;0;1.06;0
253;"Fikayo Tomori";"AC Milan";22;1787;0;2;0.56;0.88;0.03;0.04
254;"Angelino";"Roma";5;403;0;0;0.21;0.22;0.05;0.05
255;"Mattia Perin";"Juventus";3;270;0;0;0;0;0;0
256;"Leonardo Pavoletti";"Cagliari";10;150;0;1;1.04;0.35;0.62;0.21
257;"Alessio Romagnoli";"Lazio";21;1754;0;0;0.98;0.07;0.05;0
258;"Simone Scuffet";"Pisa";7;630;0;0;0;0;0;0
259;"Cristiano Biraghi";"Torino";11;457;0;0;0.06;0.36;0.01;0.07
260;"Lorenzo De Silvestri";"Bologna";7;280;0;0;0;0.14;0;0.04
261;"Daniele Padelli";"Udinese";2;180;0;0;0;0;0;0
262;"Patric";"Lazio";6;133;0;0;0.03;0.02;0.02;0.01
263;"Ciro Immobile";"Bologna";6;185;0;0;0.06;0.06;0.03;0.03
264;"Juan Jesus";"Napoli";17;1239;0;0;0.21;0.14;0.02;0.01
265;"Stephan El Shaarawy";"Roma";13;357;0;2;1.34;1.2;0.34;0.3
266;"Edin Dzeko";"Fiorentina";11;220;0;0;0.26;0.17;0.1;0.07
267;"Edoardo Goldaniga";"Como";1;1;0;0;0;0;0;0
268;"Giuseppe Pezzella";"Cremonese";19;1575;0;1;0.08;1.2;0;0.07
269;"Daniele Rugani";"Juventus";6;250;0;0;0;0;0;0
270;"Emil Audero";"Cremonese";21;1890;0;0;0;0;0;0
271;"Lukasz Skorupski";"Bologna";13;1054;0;0;0;0;0;0
272;"Federico Ceccherini";"Cremonese";8;394;0;0;0.19;0.05;0.04;0.01
273;"Elseid Hysaj";"Lazio";4;159;0;0;0;0;0;0
274;"Adam Masina";"Torino";5;224;0;1;0;0.41;0;0.17
275;"Pol Lirola";"Verona";4;238;0;0;0;0.01;0;0.01
276;"Francesco Acerbi";"Inter";13;977;0;1;0.37;0.56;0.03;0.05
277;"Matteo Politano";"Napoli";22;1424;0;3;1.76;3.11;0.11;0.2
278;"Remo Freuler";"Bologna";18;1334;0;1;0.2;0.48;0.01;0.03
279;"Alberto Grassi";"Cremonese";19;1046;0;0;0.3;0.18;0.03;0.02
280;"Stefan de Vrij";"Inter";5;272;0;0;0.28;0.02;0.09;0.01
281;"Federico Ravaglia";"Bologna";13;1108;0;0;0;0;0;0
282;"Raúl Albiol";"Pisa";6;365;0;0;0.07;0.12;0.02;0.03
283;"Alessandro Deiola";"Cagliari";12;965;0;2;0.27;0.4;0.03;0.04
284;"Álvaro Morata";"Como";15;719;0;1;4.17;0.62;0.52;0.08
285;"Matteo Bianchetti";"Cremonese";19;1587;0;2;0.34;0.48;0.02;0.03
286;"Nicola Leali";"Genoa";20;1712;0;0;0;0.2;0;0.01
287;"Alex Meret";"Napoli";7;630;0;1;0;0.27;0;0.04
288;"Stefano Sabelli";"Genoa";7;351;0;0;0.18;0.1;0.05;0.03
289;"Daniele Sommariva";"Genoa";2;176;0;0;0;0;0;0
290;"Berat Gjimshiti";"Atalanta";22;1732;0;0;0.75;0.31;0.04;0.02
291;"Nicholas Pierini";"Sassuolo";11;116;0;0;0.33;0.12;0.25;0.09
292;"Filippo Romagna";"Sassuolo";3;203;0;0;0.02;0;0.01;0
293;"Sergi Roberto";"Como";11;316;0;0;1.03;0.24;0.29;0.07
294;"Jean-Daniel Akpa-Akpro";"Verona";10;580;0;0;0.19;0.14;0.03;0.02
295;"Maxwel Cornet";"Genoa";7;104;0;0;1.43;0.23;1.24;0.2
296;"Benjamin Pavard";"Inter";1;90;0;0;0.05;0.03;0.05;0.03
297;"Jeremie Boga";"Juventus";2;24;0;0;0.03;0.1;0.1;0.39
298;"Hassane Kamara";"Udinese";15;1064;0;1;0.44;1.21;0.04;0.1
299;"Mike Maignan";"AC Milan";24;2126;0;0;0;0;0;0
300;"Milan Djuric";"Cremonese,Parma Calcio 1913";15;182;0;0;0.52;0.13;0.26;0.06
301;"Arturo Calabresi";"Pisa";17;892;0;0;0.15;0.04;0.01;0
302;"Alessio Zerbin";"Cremonese";20;1082;0;2;1.69;2.16;0.14;0.18
303;"Matteo Gabbia";"AC Milan";24;1991;0;0;1.44;0.05;0.07;0
304;"Grigoris Kastanos";"Verona";6;31;0;0;0.03;0.04;0.08;0.12
305;"Luca Pellegrini";"Lazio";19;1088;0;0;0.51;0.49;0.04;0.04
306;"Davide Frattesi";"Inter";13;316;0;0;1.72;0.58;0.49;0.17
307;"Wladimiro Falcone";"Lecce";25;2250;0;0;0;0.04;0;0
308;"Marius Marin";"Pisa";19;1051;0;0;0.08;0.01;0.01;0
309;"Alessandro Buongiorno";"Napoli";21;1476;0;1;1.14;0.26;0.07;0.02
310;"Estupiñán";"AC Milan";12;690;0;1;0.2;1.44;0.03;0.19
311;"Leon Bailey";"Roma";7;184;0;0;0.13;0.06;0.07;0.03
312;"Hernani";"Parma Calcio 1913";4;58;0;0;0.04;0.03;0.06;0.04
313;"Jean Butez";"Como";25;2250;0;0;0;0.1;0;0
314;"Diego Carlos";"Como";16;1334;0;0;0.75;0.05;0.05;0
315;"Adrien Tameze";"Torino";21;1099;0;0;0.22;0.27;0.02;0.02
316;"Nícolas";"Pisa";1;90;0;0;0;0;0;0
317;"Marco Silvestri";"Cremonese";4;360;0;0;0;0;0;0
318;"Antonio Caracciolo";"Pisa";23;1997;0;0;0.8;0.09;0.04;0
319;"Unai Núñez";"Verona";17;1263;0;0;0.3;0.15;0.02;0.01
320;"Gianluca Mancini";"Roma";24;2144;0;2;0.84;1.91;0.04;0.08
321;"Vanja Milinkovic-Savic";"Napoli";18;1620;0;0;0;0.2;0;0.01
322;"Adam Marusic";"Lazio";23;1945;0;1;0.79;0.74;0.04;0.03
323;"Manuel Lazzari";"Lazio";16;596;0;0;0.01;0.13;0;0.02
324;"Abdelhamid Sabiri";"Fiorentina";1;24;0;0;0.01;0.14;0.05;0.54
325;"Valentino Lazaro";"Torino";24;1792;0;2;0.29;1.9;0.01;0.1
326;"Mathías Olivera";"Napoli";15;683;0;0;1.08;0.26;0.14;0.03
327;"Raoul Bellanova";"Atalanta";15;995;0;1;0.42;1.23;0.04;0.11
328;"Charalampos Lykogiannis";"Bologna";9;616;0;1;0.22;1.48;0.03;0.22
329;"Adrian Semper";"Pisa";17;1530;0;0;0;0;0;0
330;"Pietro Terracciano";"AC Milan";2;124;0;0;0;0;0;0
331;"Ivan Provedel";"Lazio";25;2250;0;0;0;0.23;0;0.01
332;"Arijanet Muric";"Sassuolo";24;2160;0;0;0;0;0;0
333;"Evan Ndicka";"Roma";20;1750;0;0;1.08;0.5;0.06;0.03
334;"Nicolás González";"Juventus";2;14;0;0;0.08;0.04;0.53;0.24
335;"Elia Caprile";"Cagliari";25;2250;0;0;0;0.12;0;0
336;"Christian Kouamé";"Fiorentina";2;16;0;0;0;0;0;0
337;"Samuel Chukwueze";"AC Milan";1;23;0;0;0;0;0;0
338;"Nicolo Rovella";"Lazio";7;278;0;1;0.02;1.42;0.01;0.46
339;"Hans Nicolussi Caviglia";"Fiorentina,Parma Calcio 1913";14;674;0;3;0.2;1.48;0.03;0.2
340;"Andrea Ghion";"Sassuolo";1;7;0;0;0;0;0;0
341;"Domagoj Bradaric";"Verona";20;1544;0;0;0.46;2.04;0.03;0.12
342;"Cheikh Niasse";"Verona";18;877;0;1;0.17;0.46;0.02;0.05
343;"Kingsley Ehizibue";"Udinese";20;778;0;0;0.32;0.13;0.04;0.02
344;"Eljif Elmas";"Napoli";22;1241;0;2;2.4;1.41;0.17;0.1
345;"Gabriel Strefezza";"Parma Calcio 1913";2;121;0;0;0.11;0.04;0.09;0.03
346;"Antonino Gallo";"Lecce";25;2041;0;1;0.77;0.69;0.03;0.03
347;"Sebastian Walukiewicz";"Sassuolo";24;2063;0;1;0.15;1.57;0.01;0.07
348;"Stefano Turati";"Sassuolo";1;90;0;0;0;0;0;0
349;"Niels Nkounkou";"Torino";7;295;0;1;0.1;0.67;0.03;0.21
350;"Daniel Maldini";"Atalanta,Lazio";12;506;0;1;0.96;1.11;0.17;0.2
351;"Tariq Lamptey";"Fiorentina";2;22;0;0;0;0.12;0;0.51
352;"Balthazar Pierret";"Lecce";3;20;0;0;0;0;0;0
353;"Edoardo Corvi";"Parma Calcio 1913";13;1170;0;0;0;0;0;0
354;"Marin Pongracic";"Fiorentina";23;2070;0;0;0.55;0.6;0.02;0.03
355;"Razvan Sava";"Udinese";7;620;0;0;0;0;0;0
356;"Maduka Okoye";"Udinese";17;1446;0;0;0;0.02;0;0
357;"Jean Onana";"Genoa";1;11;0;0;0;0.01;0;0.11
358;"Pablo Marí";"Fiorentina";11;810;0;0;0.05;0.11;0.01;0.01
359;"Faustino Anjorin";"Torino";11;215;0;0;0.22;0.05;0.09;0.02
360;"Rafael Obrador";"Torino";3;86;0;0;0;0.02;0;0.03
361;"Enzo Ebosse";"Verona";4;217;0;0;0.06;0;0.02;0
362;"Jack Harrison";"Fiorentina";3;161;0;1;0.02;0.15;0.01;0.08
363;"Oier Zarraga";"Udinese";13;227;0;0;0.47;0.02;0.19;0.01
364;"Yunus Musah";"AC Milan,Atalanta";14;423;0;0;0.24;0.72;0.05;0.15
365;"Ivan Ilic";"Torino";7;393;0;0;0;0.72;0;0.16
366;"Nicolò Casale";"Bologna";10;512;0;0;0.12;0.12;0.02;0.02
367;"Konstantinos Tsimikas";"Roma";13;393;0;0;0.5;0.04;0.12;0.01
368;"Gabriele Zappa";"Cagliari";22;1310;0;3;0.39;1.63;0.03;0.11
369;"Marco Carnesecchi";"Atalanta";25;2250;0;0;0;0;0;0
370;"Lorenzo Montipò";"Verona";22;1980;0;0;0;0.14;0;0.01
371;"Tete Morente";"Lecce";16;859;0;0;0.97;0.81;0.1;0.09
372;"Lautaro Valenti";"Parma Calcio 1913";18;1537;0;0;0.3;1.17;0.02;0.07
373;"Simon Sohm";"Bologna,Fiorentina";18;818;0;1;0.55;1.83;0.06;0.2
374;"Filippo Rinaldi";"Parma Calcio 1913";1;90;0;0;0;0;0;0
375;"Alberto Paleari";"Torino";16;1440;0;0;0;0;0;0
376;"Josep Martínez";"Inter";2;180;0;0;0;0;0;0
377;"Franco Ezequiel Carboni";"Parma Calcio 1913";1;1;0;0;0;0;0;0
378;"Pontus Almqvist";"Parma Calcio 1913";9;395;0;0;0.25;1.35;0.06;0.31
379;"Nahuel Estévez";"Parma Calcio 1913";21;843;0;0;0.62;0.96;0.07;0.1
380;"Ardian Ismajli";"Torino";16;1146;0;1;0.7;0.54;0.06;0.04
381;"Alessandro Di Pardo";"Cagliari";3;50;0;0;0.1;0;0.18;0
382;"Franco Israel";"Torino";9;810;0;0;0;0;0;0
383;"Niakhate Ndiaye";"Parma Calcio 1913";7;501;0;0;0.22;0.02;0.04;0
384;"Andy Diouf";"Inter";11;168;0;0;0.15;1.1;0.08;0.59
385;"Nicolò Bertola";"Udinese";21;1491;0;1;0.95;1.03;0.06;0.06
386;"Nuno Tavares";"Lazio";12;712;0;0;0.29;0.64;0.04;0.08
387;"Armel Bella Kotchap";"Verona";15;1117;0;0;0.08;0.05;0.01;0
388;"Simone Canestrelli";"Pisa";25;2208;0;0;0.85;0.27;0.03;0.01
389;"Kristjan Asllani";"Torino";15;1145;0;0;1.16;1.13;0.09;0.09
390;"Mattia Viti";"Fiorentina";10;231;0;0;0;0;0;0
391;"Nadir Zortea";"Bologna";20;1242;0;1;0.38;2.07;0.03;0.15
392;"Youssef Maleh";"Cremonese,Lecce";12;731;0;0;0.98;0.45;0.12;0.06
393;"Nicolò Cavuoti";"Cagliari";4;34;0;0;0;0;0;0
394;"Pasquale Mazzocchi";"Napoli";7;129;0;0;0.05;0.46;0.03;0.32
395;"David Okereke";"Cremonese";2;82;0;0;0;0;0;0
396;"Calvin Stengs";"Pisa";3;12;0;0;0.05;0.01;0.38;0.06
397;"Fabiano Parisi";"Fiorentina";16;1057;0;1;0.82;1.82;0.07;0.15
398;"Aster Vranckx";"Sassuolo";13;599;0;0;0.09;0.1;0.01;0.01
399;"Teun Koopmeiners";"Juventus";22;1344;0;0;1.05;0.62;0.07;0.04
400;"Johan Vásquez";"Genoa";25;2234;0;0;1.15;0.35;0.05;0.01
401;"Jeremy Sarmiento";"Cremonese";7;127;0;0;0.06;0.16;0.04;0.11
402;"Adam Obert";"Cagliari";23;1749;0;2;0.88;1.83;0.05;0.09
403;"Romano Floriani";"Cremonese";20;763;0;0;0.15;1.22;0.02;0.14
404;"Bryan Zaragoza";"Roma";2;80;0;1;0.18;0.66;0.2;0.74
405;"Jonathan Rowe";"Bologna";16;957;0;1;3.05;1.83;0.29;0.17
406;"Sadik Fofana";"Lecce";1;1;0;0;0;0.11;0;9.71
407;"Jacopo Fazzini";"Fiorentina";11;393;0;0;0.24;0.62;0.05;0.14
408;"Edon Zhegrova";"Juventus";11;243;0;0;0.45;0.94;0.17;0.35
409;"Samuele Angori";"Pisa";22;1531;0;1;0.41;2.34;0.02;0.14
410;"Zito";"Cagliari";12;304;0;0;1.15;0.39;0.34;0.12
411;"Fali Candé";"Sassuolo";12;509;0;0;0.17;0.01;0.03;0
412;"Giovanni Bonfanti";"Pisa";9;501;0;0;0.29;0.11;0.05;0.02
413;"Giuseppe Ambrosino";"Napoli";3;31;0;0;0;0;0;0
414;"Jesús Santiago";"Verona";2;2;0;0;0.01;0.04;0.45;1.84
415;"Mario Gila";"Lazio";24;2038;0;0;1.12;0.17;0.05;0.01
416;"Samuel Iling-Junior";"Pisa";1;31;0;0;0;0.03;0;0.08
417;"Jordan Zemura";"Udinese";13;845;0;1;0.33;1.22;0.04;0.13
418;"Zakaria Aboukhlal";"Torino";15;500;0;0;0.41;0.6;0.07;0.11
419;"Sandi Lovric";"Udinese,Verona";8;286;0;1;0.21;1.22;0.07;0.38
420;"Michele Di Gregorio";"Juventus";22;1980;0;0;0;0;0;0
421;"Warren Bondo";"Cremonese";20;1414;0;0;0.14;0.16;0.01;0.01
422;"Emirhan Ilkhan";"Torino";11;551;0;1;0.44;0.55;0.07;0.09
423;"Thórir Helgason";"Lecce";6;106;0;0;0.2;0.1;0.17;0.09
424;"Dodô";"Fiorentina";25;2179;0;2;0.95;3.64;0.04;0.15
425;"Alex Sala";"Lecce";7;140;0;1;0.38;0.13;0.24;0.08
426;"Mile Svilar";"Roma";25;2250;0;0;0;0;0;0
427;"Simone Perilli";"Verona";3;270;0;0;0;0;0;0
428;"Josh Doig";"Sassuolo";24;1730;0;0;0.64;1.38;0.03;0.07
429;"Emanuele Valeri";"Parma Calcio 1913";21;1570;0;1;0.35;2.55;0.02;0.15
430;"Reda Belahyane";"Lazio";9;373;0;1;0;1.01;0;0.24
431;"Valentín Carboni";"Genoa";12;345;0;0;0.66;0.32;0.17;0.08
432;"Tommaso Barbieri";"Cremonese";18;1248;0;1;0.75;1.48;0.05;0.11
433;"Gvidas Gineitis";"Torino";17;839;0;1;0.15;1.97;0.02;0.21
434;"Ali Dembélé";"Torino";2;15;0;0;0.05;0;0.31;0
435;"Amin Sarr";"Verona";24;789;0;1;1.27;1.16;0.14;0.13
436;"Niccolò Pisilli";"Roma";12;440;0;1;0.51;1.18;0.1;0.24
437;"Lorenzo Bernasconi";"Atalanta";15;1007;0;2;0.33;1.96;0.03;0.17
438;"David Odogu";"AC Milan";1;2;0;0;0;0;0;0
439;"Ebenezer Akinsanmiro";"Pisa";14;925;0;1;0.97;1.25;0.09;0.12
440;"Amir Richardson";"Fiorentina";2;35;0;0;0.01;0;0.03;0
441;"Luca Marianucci";"Napoli,Torino";5;380;0;1;0.01;0.39;0;0.09
442;"Filip Stojilkovic";"Pisa";3;181;0;0;0.51;0;0.25;0
443;"Luca Lipani";"Sassuolo";12;564;0;0;0.74;0.22;0.12;0.03
444;"Daniel Boloca";"Sassuolo";2;137;0;0;0.1;0.04;0.06;0.03
445;"Mohamed Kaba";"Lecce";15;614;0;0;0.44;0.22;0.06;0.03
446;"Alberto Dossena";"Cagliari";1;90;0;0;0.6;0;0.6;0
447;"Gaetano Oristanio";"Parma Calcio 1913";15;729;0;0;2.01;0.6;0.25;0.07
448;"Mateus Lusuardi";"Pisa";3;202;0;0;0.12;0.14;0.05;0.06
449;"Seydou Fini";"Genoa";1;30;0;0;0;0.03;0;0.08
450;"Marcus Pedersen";"Torino";19;1485;0;0;1;1.43;0.06;0.09
451;"Assane Diao";"Como";6;318;0;0;0.23;0.02;0.07;0.01
452;"Neil El Aynaoui";"Roma";15;481;0;1;0.17;0.59;0.03;0.11
453;"Alejandro Jiménez";"AC Milan";1;42;0;0;0;0.14;0;0.3
454;"Saba Goglichidze";"Udinese";8;418;0;0;0.55;0.06;0.12;0.01
455;"Santiago Pierotti";"Lecce";24;1588;0;0;1.64;0.93;0.09;0.05
456;"Faris Moumbagna";"Cremonese";5;72;0;0;0.45;0.02;0.56;0.02
457;"Mikayil Faye";"Cremonese";7;225;0;0;0.05;0.45;0.02;0.18
458;"Niccolò Fortini";"Fiorentina";16;488;0;0;0.23;0.46;0.04;0.09
459;"Matteo Palma";"Udinese";5;109;0;0;0;0;0;0
460;"Junior Ajayi";"Verona";1;1;0;0;0;0;0;0
461;"Patrizio Masini";"Genoa";21;1047;0;0;1.13;0.38;0.1;0.03
462;"Honest Ahanor";"Atalanta";15;1013;0;0;2.17;0;0.19;0
463;"Zion Suzuki";"Parma Calcio 1913";11;990;0;0;0;0;0;0
464;"Woyo Coulibaly";"Sassuolo";10;366;0;0;0.07;0.18;0.02;0.04
465;"Álex Valle";"Como";20;1464;0;3;0.35;0.87;0.02;0.05
466;"Daniel Mosquera";"Verona";17;506;0;2;1.06;0.99;0.19;0.18
467;"Daniele Ghilardi";"Roma";11;568;0;0;0.37;0.23;0.06;0.04
468;"Fisayo Dele-Bashiru";"Lazio";12;438;0;0;0.15;0.23;0.03;0.05
469;"Albert Grønbæk";"Genoa";4;96;0;0;0.04;0.13;0.04;0.12
470;"Kialonda Gaspar";"Lecce";21;1823;0;0;0.79;0;0.04;0
471;"Alessandro Marcandalli";"Genoa";19;1440;0;2;0.17;0.42;0.01;0.03
472;"Jay Idzes";"Sassuolo";24;2160;0;0;0.08;0.49;0;0.02
473;"Eddy Kouadio";"Fiorentina";3;62;0;0;0;0.01;0;0.02
474;"Ignace Van der Brempt";"Como";9;465;0;0;0.04;0.04;0.01;0.01
475;"Jesús Rodriguez";"Como";22;1317;0;6;3.15;4.79;0.22;0.33
476;"Benjamín Domínguez";"Bologna";11;446;0;3;0.49;0.26;0.1;0.05
477;"Mandela Keita";"Parma Calcio 1913";24;1962;0;1;0.22;0.27;0.01;0.01
478;"Rui Modesto";"Udinese";3;113;0;1;0.01;0.44;0.01;0.35
479;"Massimo Pessina";"Bologna";1;83;0;0;0;0;0;0
480;"Nicolás Valentini";"Verona";12;827;0;0;0.13;0.57;0.01;0.06
481;"Robinio Vaz";"Roma";4;55;0;0;0.24;0;0.39;0
482;"Mathias Løvik";"Parma Calcio 1913";9;480;0;0;0.18;0.14;0.03;0.03
483;"Alessandro Romano";"Roma";2;5;0;0;0;0;0;0
484;"Lorenzo Venturino";"Genoa,Roma";6;90;0;0;0.13;0.52;0.13;0.52
485;"Jacob Ondrejka";"Parma Calcio 1913";12;655;0;0;1.38;0.43;0.19;0.06
486;"Devyne Rensch";"Roma";13;484;0;1;0.49;0.62;0.09;0.12
487;"Danilo Veiga";"Lecce";23;1898;0;1;0.25;0.52;0.01;0.02
488;"Daniel Oyegoke";"Verona";7;148;0;0;0.03;0.06;0.02;0.04
489;"Al Musrati";"Verona";13;667;0;1;0.1;0.3;0.01;0.04
490;"Ivan Smolcic";"Como";18;1020;0;0;0.83;1.17;0.07;0.1
491;"Oliver Provstgaard";"Lazio";13;582;0;0;0;0.57;0;0.09
492;"Victor Nelsson";"Verona";25;2146;0;0;0.33;0.02;0.01;0
493;"Santiago Giménez";"AC Milan";9;637;0;0;3.32;0.18;0.47;0.02
494;"Sebastian Otoa";"Genoa";8;585;0;0;0.04;0;0.01;0
495;"Tobias Slotsager";"Verona";6;411;0;0;0.14;0;0.03;0
496;"Joi Nuredini";"Genoa";1;1;0;0;0;0;0;0
497;"Idrissa Gueye";"Udinese";9;136;0;0;0.12;0.02;0.08;0.01
498;"Nicolae Stanciu";"Genoa";4;181;0;0;1.1;0.06;0.54;0.03
499;"Owen Kouassi";"Lecce";4;231;0;0;0;0;0;0
500;"Jamil Siebert";"Lecce";8;534;0;0;0.18;0.06;0.03;0.01
501;"Corrie Ndaba";"Lecce";9;337;0;0;0.13;0.03;0.03;0.01
502;"Matías Pérez";"Lecce";1;31;0;0;0;0.01;0;0.04
503;"Olaf Gorter";"Lecce";2;27;0;0;0;0;0;0
504;"Luca Moro";"Sassuolo";11;157;0;0;0.83;0.26;0.48;0.15
505;"Martin Vitík";"Bologna";12;843;0;0;0.69;0.17;0.07;0.02
506;"Torbjørn Heggem";"Bologna";21;1821;0;0;0.98;0.05;0.05;0
507;"Ardon Jashari";"AC Milan";7;290;0;1;0.02;1;0.01;0.31
508;"Jari Vandeputte";"Cremonese";21;1365;0;4;1.18;4.38;0.08;0.29
509;"Michele Collocolo";"Cremonese";6;308;0;0;0.08;0.14;0.02;0.04
510;"Dachi Lordkipanidze";"Cremonese";1;27;0;0;0;0;0;0
511;"Daniel Denoon";"Pisa";2;126;0;0;0;0;0;0
512;"Gabriele Piccinini";"Pisa";14;571;0;0;1.7;1.42;0.27;0.22
513;"Malthe Højholt";"Pisa";8;265;0;0;0.09;0;0.03;0
514;"Louis Buffon";"Pisa";4;24;0;0;0;0;0;0
515;"João Mário";"Bologna,Juventus";12;368;0;0;0.2;0.2;0.05;0.05
516;"Tjas Begic";"Parma Calcio 1913";1;1;0;0;0;0;0;0
517;"Vakoun Bayo";"Udinese";13;408;0;1;1.24;0.69;0.27;0.15
518;"Lennon Miller";"Udinese";13;605;0;0;0.25;0.13;0.04;0.02
519;"Fallou Cham";"Verona";6;225;0;0;0.34;0.51;0.14;0.2
520;"Cheveyo Mul";"AC Milan";2;2;0;0;0.08;0;3.82;0
521;"Mariano Troilo";"Parma Calcio 1913";9;576;0;0;0.21;0.44;0.03;0.07
522;"Sascha Britschgi";"Parma Calcio 1913";21;1571;0;2;0.41;1.89;0.02;0.11
523;"Antonio Arena";"Roma";1;5;0;0;0;0;0;0
524;"Zé Pedro";"Cagliari";11;801;0;0;0.1;0;0.01;0
525;"Joseph Liteta";"Cagliari";2;106;0;0;0;0;0;0
526;"Benjamín Cremaschi";"Parma Calcio 1913";5;21;0;0;0;0.01;0;0.06
527;"Jan Ziólkowski";"Roma";10;434;0;0;0;0;0;0
528;"Tomás Esteves";"Pisa";1;11;0;0;0;0;0;0
529;"Isak Vural";"Pisa";9;432;0;0;0.11;0.04;0.02;0.01
530;"Juan Rodríguez";"Cagliari";7;565;0;0;0.45;0;0.07;0
531;"Cas Odenthal";"Sassuolo";1;1;0;0;0;0;0;0
532;"Laurs Skjellerup";"Sassuolo";1;8;0;0;0.02;0;0.17;0
533;"Francesco Coppola";"Pisa";4;271;0;0;0.06;0;0.02;0
534;"Andréa Le Borgne";"Como";1;1;0;0;0;0;0;0
535;"Matteo Lavelli";"Inter";1;6;0;0;0;0;0;0
536;"Petar Ratkov";"Lazio";5;153;0;0;0.42;0.02;0.25;0.01
537;"Oumar Ngom";"Lecce";2;4;0;0;0.11;0.12;2.43;2.79
538;"Isaac";"Verona";1;17;0;0;0;0;0;0
539;"Rosen Bozhinov";"Pisa";4;253;0;0;0;0.04;0;0.02
540;"Justin Bijlow";"Genoa";4;360;0;0;0;0;0;0
541;"Nils Zätterström";"Genoa";1;1;0;0;0;0;0;0
542;"Juan Arizala";"Udinese";1;10;0;0;0;0;0;0
543;"Sandro Kulenovic";"Torino";2;70;0;0;0.11;0;0.15;0
544;"Nesta Elphege";"Parma Calcio 1913";1;12;0;0;0;0.09;0;0.7
545;"Andrias Edmundsson";"Verona";2;180;0;0;0;0;0;0
546;"Kieron Bowie";"Verona";2;155;0;0;0;0;0;0
547;"Alex Amorim";"Genoa";1;1;0;0;0.08;0;7.52;0
